{"cameraMode":{"drawMode":0,"name":"Shaded","section":"Shading Mode"},"sceneLighting":true,"audioPlay":false,"sceneViewState":{"m_AlwaysRefresh":false,"showFog":true,"showSkybox":true,"showFlares":true,"showImageEffects":true,"showParticleSystems":true,"showVisualEffectGraphs":true,"m_FxEnabled":true},"in2DMode":false,"pivot":{"x":282.8574523925781,"y":148.819091796875,"z":-28.917640686035158},"rotation":{"x":-0.014688891358673573,"y":0.012310058809816838,"z":0.00019474780128803104,"w":0.9998266100883484},"size":132.6493682861328,"orthographic":false}