{"cameraMode":{"drawMode":0,"name":"Shaded","section":"Shading Mode"},"sceneLighting":true,"audioPlay":false,"sceneViewState":{"m_AlwaysRefresh":false,"showFog":true,"showSkybox":true,"showFlares":true,"showImageEffects":true,"showParticleSystems":true,"showVisualEffectGraphs":true,"m_FxEnabled":true},"in2DMode":false,"pivot":{"x":256.84912109375,"y":143.18675231933595,"z":-9.784683227539063},"rotation":{"x":-0.0191836878657341,"y":-0.025182167068123819,"z":-0.0004693152441177517,"w":0.9995030164718628},"size":159.03289794921876,"orthographic":false}